chapter,title,env,source_type,source_path,image_count
appendix,1.5 1.6,note,md,近世代数/近世代数/无标题/1 5 1 6 1ead2efa3f42800d8ce5e3bfbf4c3c5e.md,0
appendix,maki完美算术,note,md,近世代数/近世代数/无标题/maki完美算术 1c4d2efa3f42808f9aa7ffb283e08616.md,0
appendix,命题2.10,proposition,md,近世代数/近世代数/无标题/命题2 10 209d2efa3f4280f7a74ac9f1898d47da.md,1
appendix,基本概念,note,md,近世代数/近世代数/无标题/基本概念 1c3d2efa3f4280648bdcd081c8508c78.md,0
appendix,定理4,theorem,md,近世代数/近世代数/无标题/定理4 1edd2efa3f4280a1a7f6f5906ff4407d.md,1
appendix,当时月影已不复,note,md,近世代数/近世代数/无标题/当时月影已不复 1c4d2efa3f428027a49ef0a8e75ed791.md,0
appendix,教程,note,md,近世代数/近世代数/无标题/教程 1a0d2efa3f428048bfcff3fa4cfa7a94.md,0
appendix,无标题,note,md,近世代数/近世代数/无标题/无标题 1b5d2efa3f428047a266cc3033c3e6d4.md,0
appendix,无标题,note,md,近世代数/近世代数/无标题/无标题 20ad2efa3f4280639292c088afa9cce1.md,0
appendix,杂知识,note,md,近世代数/近世代数/无标题/杂知识 20ed2efa3f4280118b08e4bdc28f1b75.md,1
appendix,第三章,note,md,近世代数/近世代数/无标题/第三章 1ecd2efa3f4280c7a6b0ea0de416c09f.md,0
appendix,考前必看,note,md,近世代数/近世代数/无标题/考前必看 20ed2efa3f42809dbc47ebd433ba4dcb.md,0
appendix,蔷薇科普朗克,note,md,近世代数/近世代数/无标题/蔷薇科普朗克 1c4d2efa3f42806c99bec64a1ecd7a78.md,0
appendix,证明,proof,md,近世代数/近世代数/无标题/证明 1edd2efa3f4280e090e4d05710609507.md,2
chapter1,1.10阿贝尔群,note,md,近世代数/近世代数/无标题/1 10阿贝尔群 1cbd2efa3f4280bfa73dc117dd0d632c.md,1
chapter1,1.1幺半群,note,md,近世代数/近世代数/无标题/1 1幺半群 1cad2efa3f4280628789c382df95fdc5.md,0
chapter1,1.2群,note,md,近世代数/近世代数/无标题/1 2群 1ecd2efa3f4280cf8df9c881d186f2a4.md,0
chapter1,1.3有限群,note,md,近世代数/近世代数/无标题/1 3有限群 1ead2efa3f4280c39a49d8b0af9aec03.md,0
chapter1,1.4正规子群,note,md,近世代数/近世代数/无标题/1 4正规子群 1ead2efa3f428095a412e65ae0862a5d.md,0
chapter1,4元群,note,md,近世代数/近世代数/无标题/4元群 209d2efa3f42801c9f8ef20ec54114ef.md,3
chapter1,a和a的逆阶数一样,note,md,近世代数/近世代数/无标题/a和a的逆阶数一样 1b1d2efa3f4280c9848ef6cf1a5a43d6.md,1
chapter1,n次对称群S_n的阶是n！,note,md,近世代数/近世代数/无标题/n次对称群S_n的阶是n！ 1bad2efa3f4280749db7c5ede391c5b3.md,1
chapter1,不变子群的中心,note,md,近世代数/近世代数/无标题/不变子群的中心 1cad2efa3f428043b357e2e9c7c9ce6b.md,1
chapter1,不变子群的陪集叫商群,note,md,近世代数/近世代数/无标题/不变子群的陪集叫商群 1cad2efa3f428038a9add2a529077225.md,1
chapter1,交换群 阿贝尔群,note,md,近世代数/近世代数/无标题/交换群 阿贝尔群 1aed2efa3f4280cdbde1e3cd83d58bc8.md,3
chapter1,代数运算,note,md,近世代数/近世代数/无标题/代数运算 1aed2efa3f4280d597defe353a625299.md,0
chapter1,代数运算定义,definition,md,近世代数/近世代数/无标题/代数运算定义 1a1d2efa3f42801bb126f612f365d13b.md,2
chapter1,例子,example,md,近世代数/近世代数/无标题/例子 1c4d2efa3f428049872dd61c51dda43e.md,1
chapter1,关系的定义 二元关系,definition,md,近世代数/近世代数/无标题/关系的定义 二元关系 1a7d2efa3f42802f89cbe2c78b33686d.md,2
chapter1,凯莱定理任何群都是同一个群的同构,theorem,md,近世代数/近世代数/无标题/凯莱定理任何群都是同一个群的同构 1b5d2efa3f42805cb494c5d6269c2742.md,4
chapter1,分类,note,md,近世代数/近世代数/无标题/分类 1a7d2efa3f428051977beee16bb06dae.md,2
chapter1,分类与关系,note,md,近世代数/近世代数/无标题/分类与关系 1aed2efa3f42802491cdeb2b56b5f1f7.md,0
chapter1,剩余类加群,note,md,近世代数/近世代数/无标题/剩余类加群 1aed2efa3f4280428135f1eab5e513d0.md,2
chapter1,加群定义,definition,md,近世代数/近世代数/无标题/加群定义 1ecd2efa3f4280c5a839d3c295d23a6b.md,2
chapter1,单位元,note,md,近世代数/近世代数/无标题/单位元 1aad2efa3f42804aa677fdb25912917d.md,0
chapter1,单位元唯一性证明,proof,md,近世代数/近世代数/无标题/单位元唯一性证明 1cad2efa3f428021acabe9e17d5b39d5.md,0
chapter1,单射满射,note,md,近世代数/近世代数/无标题/单射满射 1a1d2efa3f4280a7ab9bf96427741ce6.md,1
chapter1,变化群的意义,note,md,近世代数/近世代数/无标题/变化群的意义 1b7d2efa3f4280e3baffc1d56b67f68e.md,0
chapter1,变换群,note,md,近世代数/近世代数/无标题/变换群 1b5d2efa3f4280bc8c6bf24cc87fed3c.md,3
chapter1,变换群,note,md,近世代数/近世代数/无标题/变换群 1c3d2efa3f4280a3a416f8493ad4dae2.md,0
chapter1,变换群证明,proof,md,近世代数/近世代数/无标题/变换群证明 1b5d2efa3f42802e858cebf98bd17fd6.md,2
chapter1,只要不相连就可以快速求阶数而且有交换律,note,md,近世代数/近世代数/无标题/只要不相连就可以快速求阶数而且有交换律 1bcd2efa3f4280e9add2d922e72a6f5d.md,1
chapter1,右陪集的定义,definition,md,近世代数/近世代数/无标题/右陪集的定义 1c3d2efa3f428044a7f6c58dda5da09f.md,3
chapter1,同余关系 模n的剩余类,note,md,近世代数/近世代数/无标题/同余关系 模n的剩余类 1a8d2efa3f4280ffbd5ffb8a8131fb1b.md,1
chapter1,同态同构的意义,note,md,近世代数/近世代数/无标题/同态同构的意义 1cad2efa3f42801b93c4f525f7a94957.md,1
chapter1,同态的定义,definition,md,近世代数/近世代数/无标题/同态的定义 1a1d2efa3f428051bf6ddd4a0bc015cf.md,2
chapter1,同态的意义,note,md,近世代数/近世代数/无标题/同态的意义 1b5d2efa3f42801ba4aed9823eb1a0ae.md,2
chapter1,同构,note,md,近世代数/近世代数/无标题/同构 1a7d2efa3f4280a5b953fd47d4b69430.md,2
chapter1,命题1.11证明,proof,md,近世代数/近世代数/无标题/命题1 11证明 1cbd2efa3f4280679acbe2813bc3b4e4.md,1
chapter1,命题1.12特殊线性群是群,proposition,md,近世代数/近世代数/无标题/命题1 12特殊线性群是群 1cbd2efa3f4280bc9d1cfc2496d61576.md,1
chapter1,命题1.13群同态单位元对单位元逆元对逆元,proposition,md,近世代数/近世代数/无标题/命题1 13群同态单位元对单位元逆元对逆元 1cbd2efa3f4280048341d86cd285853a.md,1
chapter1,命题1.14,proposition,md,近世代数/近世代数/无标题/命题1 14 1cbd2efa3f4280569ab4d1fcc291e1bc.md,1
chapter1,命题1.17同态就是拆括号的游戏,proposition,md,近世代数/近世代数/无标题/命题1 17同态就是拆括号的游戏 1d1d2efa3f42800d9bf2efcc79be14a6.md,1
chapter1,命题1.3.3子群陪集要不然相等要不然无交,proposition,md,近世代数/近世代数/无标题/命题1 3 3子群陪集要不然相等要不然无交 1d2d2efa3f42806da9c1eaa41dc2aa66.md,2
chapter1,命题1.34 1.35嵌套子群的配集,proposition,md,近世代数/近世代数/无标题/命题1 34 1 35嵌套子群的配集 1d2d2efa3f428089be3ecd9b4c4dbf6c.md,1
chapter1,命题1.36良定义,proposition,md,近世代数/近世代数/无标题/命题1 36良定义 1d8d2efa3f4280f894b7ef35415e3855.md,1
chapter1,命题1.37 商群,proposition,md,近世代数/近世代数/无标题/命题1 37 商群 1d8d2efa3f4280a2ab8bc71b5decdd72.md,1
chapter1,命题1.38正规子群的交集还是正规子群,proposition,md,近世代数/近世代数/无标题/命题1 38正规子群的交集还是正规子群 1d8d2efa3f428001ba66de6c2e2fde67.md,1
chapter1,命题1.39 1.40e和自己都是自己的正规子群交换群的子群都是正规子群,proposition,md,近世代数/近世代数/无标题/命题1 39 1 40e和自己都是自己的正规子群交换群的子群都是正规子群 1d8d2efa3f4280beb4f3c1126c211d2b.md,0
chapter1,命题1.5证明A生成的子幺半群是包含A的最小子幺半群,proof,md,近世代数/近世代数/无标题/命题1 5证明A生成的子幺半群是包含A的最小子幺半群 1cad2efa3f4280d7aeccdd9429149cb4.md,1
chapter1,命题1.7证明方法把单位元拆解然后用结合律引出新的东西唯一性证明,proof,md,近世代数/近世代数/无标题/命题1 7证明方法把单位元拆解然后用结合律引出新的东西唯一性证明 1cbd2efa3f428061b991eda66a78e31d.md,1
chapter1,商群性质,note,md,近世代数/近世代数/无标题/商群性质 1cad2efa3f42800d9fd2d13889aa2844.md,1
chapter1,子群,note,md,近世代数/近世代数/无标题/子群 1bdd2efa3f42801b985de1cf59e5ed5f.md,3
chapter1,子群的阶定义拉格朗日定理,theorem,md,近世代数/近世代数/无标题/子群的阶定义拉格朗日定理 1d2d2efa3f4280abb951d3f9b92ef54b.md,1
chapter1,子群的陪集,note,md,近世代数/近世代数/无标题/子群的陪集 1c3d2efa3f42806a85b0f0113028b207.md,0
chapter1,子群里面的元素当陪集的x，则这个配集还是原来子群xH=H,note,md,近世代数/近世代数/无标题/子群里面的元素当陪集的x，则这个配集还是原来子群xH=H 1d2d2efa3f4280d29dd3d8346705ba89.md,1
chapter1,学子群的意义,note,md,近世代数/近世代数/无标题/学子群的意义 1c6d2efa3f428082a2a0c319d06b2a4e.md,1
chapter1,定义1.11n阶一般线性群,definition,md,近世代数/近世代数/无标题/定义1 11n阶一般线性群 1cbd2efa3f4280dda90ce3802a0d1200.md,2
chapter1,定义1.12n阶特殊线性群行列式是1,definition,md,近世代数/近世代数/无标题/定义1 12n阶特殊线性群行列式是1 1cbd2efa3f42805e8f6be357d2dce70f.md,1
chapter1,定义1.13定义子群根本目的是证明它是一个群,proof,md,近世代数/近世代数/无标题/定义1 13定义子群根本目的是证明它是一个群 1cbd2efa3f4280ee903ac1e652f44dec.md,1
chapter1,定义1.15群同态下定义 核是映射到e‘的原像集 imf是像集,definition,md,近世代数/近世代数/无标题/定义1 15群同态下定义 核是映射到e‘的原像集 imf是像集 1d1d2efa3f42808daa56cdc3a30925f6.md,3
chapter1,定义1.16群同态,definition,md,近世代数/近世代数/无标题/定义1 16群同态 1d1d2efa3f4280dfbb71fb6ae82fca39.md,3
chapter1,定义1.18两个群直积还是群,definition,md,近世代数/近世代数/无标题/定义1 18两个群直积还是群 1d1d2efa3f4280189fb9c52e96214d0c.md,2
chapter1,定义1.19一族群的值积 定义1.20还需再看,definition,md,近世代数/近世代数/无标题/定义1 19一族群的值积 定义1 20还需再看 1d1d2efa3f4280bbb5e6c6260092ce70.md,2
chapter1,定义1.2.4子集生成群证明,proof,md,近世代数/近世代数/无标题/定义1 2 4子集生成群证明 1d1d2efa3f42805fa62fd5a0548e8041.md,1
chapter1,定义1.20元素的阶,definition,md,近世代数/近世代数/无标题/定义1 20元素的阶 1afd2efa3f42804abe31e7c2129a941d.md,1
chapter1,定义1.22 x的幂,definition,md,近世代数/近世代数/无标题/定义1 22 x的幂 1d1d2efa3f42801fbf26e402d99d9fbb.md,2
chapter1,定义1.23由x生成子群,definition,md,近世代数/近世代数/无标题/定义1 23由x生成子群 1d1d2efa3f428063a543c4b613e77eac.md,2
chapter1,定义1.28商集与指数,definition,md,近世代数/近世代数/无标题/定义1 28商集与指数 1d2d2efa3f4280779550ef45dc732f24.md,1
chapter1,定义1.29正规子群,definition,md,近世代数/近世代数/无标题/定义1 29正规子群 1d2d2efa3f428009a478d7345a44f7a0.md,2
chapter1,定义1.3群中的幂,definition,md,近世代数/近世代数/无标题/定义1 3群中的幂 1cad2efa3f4280fa8cbac5abca50f603.md,1
chapter1,定义1.4幺半群的子群还是幺半群,definition,md,近世代数/近世代数/无标题/定义1 4幺半群的子群还是幺半群 1cad2efa3f4280a186e5ff06d952436b.md,1
chapter1,定义1.5幺半群的同态,definition,md,近世代数/近世代数/无标题/定义1 5幺半群的同态 1cad2efa3f4280878f7ace8395a0a565.md,1
chapter1,定义1.6由子集生成的自幺半群,definition,md,近世代数/近世代数/无标题/定义1 6由子集生成的自幺半群 1cad2efa3f4280c8b8e4ca2c6bd26b3d.md,1
chapter1,定义1.7幺半群的同构,definition,md,近世代数/近世代数/无标题/定义1 7幺半群的同构 1cbd2efa3f4280e49eafe83547a86380.md,1
chapter1,定义1.8幺半群的逆元,definition,md,近世代数/近世代数/无标题/定义1 8幺半群的逆元 1cbd2efa3f4280ab8ab0c76329b68410.md,1
chapter1,定义1.9幺半群加逆元就是群,definition,md,近世代数/近世代数/无标题/定义1 9幺半群加逆元就是群 1cbd2efa3f4280789737e0626b159cd6.md,1
chapter1,定义． 陪集个数为指数,definition,md,近世代数/近世代数/无标题/定义． 陪集个数为指数 1c3d2efa3f4280d4ae10d01394813e30.md,2
chapter1,定理1 左右陪集个数相等，有限还相等或都是无限,theorem,md,近世代数/近世代数/无标题/定理1 左右陪集个数相等，有限还相等或都是无限 1c3d2efa3f4280489fb7c3b3a78e65b1.md,2
chapter1,定理1不变子群的判定,theorem,md,近世代数/近世代数/无标题/定理1不变子群的判定 1cad2efa3f42806f994edf8fc55ae209.md,1
chapter1,定理1子群充要条件,theorem,md,近世代数/近世代数/无标题/定理1子群充要条件 1bdd2efa3f428096a849dfb1aa61075c.md,1
chapter1,定理2,theorem,md,近世代数/近世代数/无标题/定理2 1c3d2efa3f42808d86d9d910407f5566.md,3
chapter1,定理2不变子群判定方式2,theorem,md,近世代数/近世代数/无标题/定理2不变子群判定方式2 1cad2efa3f42808ca4e0c22a6b95ca07.md,1
chapter1,定理2非空子集充要条件,theorem,md,近世代数/近世代数/无标题/定理2非空子集充要条件 1bdd2efa3f4280eca5fdd0e948316100.md,1
chapter1,定理3子群充要条件 非空有限子群,theorem,md,近世代数/近世代数/无标题/定理3子群充要条件 非空有限子群 1bdd2efa3f4280bfbf36f4060b3612ad.md,1
chapter1,对称群,note,md,近世代数/近世代数/无标题/对称群 1bad2efa3f42809caaf1ff2a6c16b526.md,2
chapter1,封闭 二元运算,note,md,近世代数/近世代数/无标题/封闭 二元运算 1a1d2efa3f4280c1abc9d4dc388cc80c.md,1
chapter1,左陪集,note,md,近世代数/近世代数/无标题/左陪集 1c3d2efa3f4280bebcadc5fc4efa6e1e.md,1
chapter1,左陪集定义,definition,md,近世代数/近世代数/无标题/左陪集定义 1d2d2efa3f4280fdbd2fd7e28903354a.md,1
chapter1,幺半群的定义 定义1.2 定义1.3,definition,md,近世代数/近世代数/无标题/幺半群的定义 定义1 2 定义1 3 1cad2efa3f42800ea08fdf383be45a9a.md,1
chapter1,广义结合律与数学归纳法,note,md,近世代数/近世代数/无标题/广义结合律与数学归纳法 1cad2efa3f42803e8230cae3ea9f46af.md,1
chapter1,引理1.1幺半群的逆元构成群,lemma,md,近世代数/近世代数/无标题/引理1 1幺半群的逆元构成群 1edd2efa3f4280479e2be2b835b83ca6.md,1
chapter1,引理1.4正规子群,lemma,md,近世代数/近世代数/无标题/引理1 4正规子群 1d8d2efa3f4280599a3fd672105fee0c.md,1
chapter1,拉格朗日定理,theorem,md,近世代数/近世代数/无标题/拉格朗日定理 1cad2efa3f4280aab6f1ee857a182752.md,1
chapter1,拉格朗日定理,theorem,md,近世代数/近世代数/无标题/拉格朗日定理 1d2d2efa3f42801fa5fdf15cafbdcb4e.md,2
chapter1,指数是2的子群一定是不变的,note,md,近世代数/近世代数/无标题/指数是2的子群一定是不变的 1cad2efa3f4280a49122f16b85f73100.md,1
chapter1,无标题,note,md,近世代数/近世代数/无标题/无标题 1b7d2efa3f42802dbdaecc7643526bbe.md,0
chapter1,无标题,note,md,近世代数/近世代数/无标题/无标题 1bad2efa3f42802aa86ec37cd6544448.md,0
chapter1,无标题,note,md,近世代数/近世代数/无标题/无标题 1bad2efa3f42803389efdacc7eedffb9.md,0
chapter1,无标题,note,md,近世代数/近世代数/无标题/无标题 1ead2efa3f4280d8976efa8f012a8275.md,0
chapter1,映射与集合基础知识,note,md,近世代数/近世代数/无标题/映射与集合基础知识 1aed2efa3f42800c8261da73ac826269.md,0
chapter1,映射的核与像,note,md,近世代数/近世代数/无标题/映射的核与像 1cbd2efa3f428060a500d68691e7bbdf.md,1
chapter1,有限群每一个元素都有元,note,md,近世代数/近世代数/无标题/有限群每一个元素都有元 1b1d2efa3f428077b99af9bef5e16a15.md,1
chapter1,构造同态同构,note,md,近世代数/近世代数/无标题/构造同态同构 1b5d2efa3f42802ba396ef3b35139369.md,1
chapter1,正规子群定义,definition,md,近世代数/近世代数/无标题/正规子群定义 1cad2efa3f4280be908adb4819bd31ae.md,2
chapter1,正规子群的意义就是为了让看看陪集是不是群,note,md,近世代数/近世代数/无标题/正规子群的意义就是为了让看看陪集是不是群 1cad2efa3f42800b9c25e9e1bc63b83c.md,3
chapter1,每一个分类都决定了A的一个等价关系,note,md,近世代数/近世代数/无标题/每一个分类都决定了A的一个等价关系 1a7d2efa3f4280eeabf8d5f851e06cc2.md,1
chapter1,消去律成立与证明G是一个群 重点,proof,md,近世代数/近世代数/无标题/消去律成立与证明G是一个群 重点 1aed2efa3f42802bbde2ff09c5d7753f.md,2
chapter1,看maki的习题课是最好的，构建关系,note,md,近世代数/近世代数/无标题/看maki的习题课是最好的，构建关系 1c3d2efa3f42800db761fc4973d5b01e.md,0
chapter1,等价关系,note,md,近世代数/近世代数/无标题/等价关系 1a7d2efa3f4280a0ae90db267cbf3328.md,1
chapter1,结合律 交换律 分配律,note,md,近世代数/近世代数/无标题/结合律 交换律 分配律 1a1d2efa3f428005bcfac88aa2af2b6e.md,2
chapter1,置换与置换群,note,md,近世代数/近世代数/无标题/置换与置换群 1bad2efa3f4280ed8022e05463b6b6f8.md,1
chapter1,置换书写方式,note,md,近世代数/近世代数/无标题/置换书写方式 1bcd2efa3f4280e08df6cc729ec19b71.md,2
chapter1,置换群,note,md,近世代数/近世代数/无标题/置换群 1bad2efa3f4280228c17c29195a2c525.md,0
chapter1,群,note,md,近世代数/近世代数/无标题/群 1a0d2efa3f4280e5ab23eef494b59a4c.md,0
chapter1,群同构第一定理1.2,theorem,md,近世代数/近世代数/无标题/群同构第一定理1 2 1d8d2efa3f4280faaa25d06a12ca3ddc.md,2
chapter1,群同构第三定理,theorem,md,近世代数/近世代数/无标题/群同构第三定理 1ead2efa3f428024abb0fc36b0b0317a.md,1
chapter1,群同构第二定理,theorem,md,近世代数/近世代数/无标题/群同构第二定理 1ead2efa3f42806da76fe0cd08cb72be.md,1
chapter1,群的同态同构,note,md,近世代数/近世代数/无标题/群的同态同构 1b5d2efa3f42803aaaa7f6c2fdcfd0b4.md,1
chapter1,群的同态同构,note,md,近世代数/近世代数/无标题/群的同态同构 1c3d2efa3f428076a462f0397fbfd469.md,0
chapter1,群的基础知识,note,md,近世代数/近世代数/无标题/群的基础知识 1aed2efa3f428009ac4eca74062880ff.md,0
chapter1,群的定义,definition,md,近世代数/近世代数/无标题/群的定义 1a8d2efa3f428012bcbcf151531edd91.md,1
chapter1,群的性质,note,md,近世代数/近世代数/无标题/群的性质 1aed2efa3f4280818433c4856f272a94.md,1
chapter1,群的意义,note,md,近世代数/近世代数/无标题/群的意义 1aed2efa3f4280cf8e95f1b5d51c950a.md,0
chapter1,群的等价判别,note,md,近世代数/近世代数/无标题/群的等价判别 1aed2efa3f4280fa9785ff77d205d695.md,1
chapter1,群的阶与元素的阶,note,md,近世代数/近世代数/无标题/群的阶与元素的阶 1d3d2efa3f4280c89aacce78ed1a9c9f.md,0
chapter1,群论,note,md,近世代数/近世代数/无标题/群论 1c3d2efa3f428064a77dd3ff465d3548.md,0
chapter1,证明,proof,md,近世代数/近世代数/无标题/证明 1ead2efa3f42803d9277fa296434fc29.md,1
chapter1,证明,proof,md,近世代数/近世代数/无标题/证明 1ead2efa3f428093999af29d0c6c20e3.md,1
chapter1,证明,proof,md,近世代数/近世代数/无标题/证明 1ead2efa3f4280df93bace7a315e8dc8.md,3
chapter1,证明 可以写成积,proof,md,近世代数/近世代数/无标题/证明 可以写成积 1bcd2efa3f428091b11de9806d6b6c01.md,2
chapter1,运算表,note,md,近世代数/近世代数/无标题/运算表 1a1d2efa3f4280498713e856fc016324.md,1
chapter1,逆元,note,md,近世代数/近世代数/无标题/逆元 1aad2efa3f4280ffa71ef933ebbf0d7f.md,0
chapter1,逆映射,note,md,近世代数/近世代数/无标题/逆映射 1a9d2efa3f42802b8a64f4efb72349db.md,0
chapter1,阶数与奇偶,note,md,近世代数/近世代数/无标题/阶数与奇偶 1b1d2efa3f4280fe9903f391009c0bee.md,1
chapter1,阶的例题,example,md,近世代数/近世代数/无标题/阶的例题 1b1d2efa3f42801ca927ea10853179f8.md,5
chapter1,陪集的定义,definition,md,近世代数/近世代数/无标题/陪集的定义 1c4d2efa3f42804e9574d5a966680083.md,1
chapter1,陪集的意义,note,md,近世代数/近世代数/无标题/陪集的意义 1c6d2efa3f42801ba4c4d1f60871c4bc.md,1
chapter1,集合A的任一个等价关系都可确定A的一个分类,note,md,近世代数/近世代数/无标题/集合A的任一个等价关系都可确定A的一个分类 1a8d2efa3f4280d68789ddcfda4d73ac.md,1
chapter1,集合的映射,note,md,近世代数/近世代数/无标题/集合的映射 1a1d2efa3f428022b697d8ac2040bd12.md,1
chapter1,集合的积,note,md,近世代数/近世代数/无标题/集合的积 1a1d2efa3f4280f19e43c59633af2d85.md,1
chapter2,7理想,note,md,近世代数/近世代数/无标题/7理想 1edd2efa3f4280a88bfce32f4c292dfb.md,0
chapter2,8剩余类环同态与理想,note,md,近世代数/近世代数/无标题/8剩余类环同态与理想 1edd2efa3f42801295a9f3bc6dd211c2.md,0
chapter2,9极大理想,note,md,近世代数/近世代数/无标题/9极大理想 1efd2efa3f42802fa98fcbcc6a6ed8b2.md,0
chapter2,n阶循环群互相同构 无限循环群彼此同构 命题1.2.9,proposition,md,近世代数/近世代数/无标题/n阶循环群互相同构 无限循环群彼此同构 命题1 2 9 1d2d2efa3f4280ebb6eaf07515b209e7.md,1
chapter2,主理想,note,md,近世代数/近世代数/无标题/主理想 1edd2efa3f42806b9f8cf1209d23b5ab.md,1
chapter2,交换环与单位元,note,md,近世代数/近世代数/无标题/交换环与单位元 1ecd2efa3f4280739601e8d3434ada2a.md,1
chapter2,交换群，循环群与商群,note,md,近世代数/近世代数/无标题/交换群，循环群与商群 1cad2efa3f4280229ecffe1b0fe37bab.md,1
chapter2,剩余类环的定义与符号 也就是商环,definition,md,近世代数/近世代数/无标题/剩余类环的定义与符号 也就是商环 1efd2efa3f428062bb60fef4a28718a3.md,1
chapter2,命题1.30循环群的生成元的幂指数和循环群阶数互素,proposition,md,近世代数/近世代数/无标题/命题1 30循环群的生成元的幂指数和循环群阶数互素 1d2d2efa3f4280cfaefbd295458b0a99.md,2
chapter2,命题2.11交换环就能写成Ra,proposition,md,近世代数/近世代数/无标题/命题2 11交换环就能写成Ra 209d2efa3f42800cab37e2d8d872bd5c.md,1
chapter2,命题2.1负元 0元的运算,proposition,md,近世代数/近世代数/无标题/命题2 1负元 0元的运算 1d8d2efa3f4280408c76c66618c847b3.md,1
chapter2,命题2.2 零环 加法单位元与乘法单位元相等,proposition,md,近世代数/近世代数/无标题/命题2 2 零环 加法单位元与乘法单位元相等 1d8d2efa3f428072bc30db04dbb3356f.md,2
chapter2,命题2.5环的直积还是环,proposition,md,近世代数/近世代数/无标题/命题2 5环的直积还是环 1d9d2efa3f42807da879eee76a3f0d7e.md,2
chapter2,命题2.6交换环的理想左理想就是右理想,proposition,md,近世代数/近世代数/无标题/命题2 6交换环的理想左理想就是右理想 1edd2efa3f4280d6b552d742f9f0113f.md,4
chapter2,命题2.7整环乘整数都是理想,proposition,md,近世代数/近世代数/无标题/命题2 7整环乘整数都是理想 1edd2efa3f4280879de0f548a3792784.md,1
chapter2,命题2.8 R-R‘环同态 核都是理想 像都是子环,proposition,md,近世代数/近世代数/无标题/命题2 8 R-R‘环同态 核都是理想 像都是子环 1edd2efa3f4280c7aab3cfeaab813a46.md,1
chapter2,命题2.9商环是环 当且仅当I是理想,proposition,md,近世代数/近世代数/无标题/命题2 9商环是环 当且仅当I是理想 1eed2efa3f4280c88023ce1caa85f335.md,1
chapter2,域就是交换的除环,note,md,近世代数/近世代数/无标题/域就是交换的除环 1edd2efa3f428082b256f54c7b69c4d8.md,0
chapter2,奇偶排列素数阶的群一定是循环群,note,md,近世代数/近世代数/无标题/奇偶排列素数阶的群一定是循环群 1bdd2efa3f428081b6cdc32b80a5f208.md,0
chapter2,子环与子除环,note,md,近世代数/近世代数/无标题/子环与子除环 1edd2efa3f42803d86f8f66dab16dc23.md,1
chapter2,子环的等价条件引理2.1,lemma,md,近世代数/近世代数/无标题/子环的等价条件引理2 1 1edd2efa3f4280d79067f6538b96b7ec.md,1
chapter2,定义1.25循环群,definition,md,近世代数/近世代数/无标题/定义1 25循环群 1d1d2efa3f42803f81baf1a7f0cbd190.md,2
chapter2,定义2.10理想,definition,md,近世代数/近世代数/无标题/定义2 10理想 1d9d2efa3f428084bdbade477843818e.md,1
chapter2,定义2.10理想 理想的符号也是▶️指向理想,definition,md,近世代数/近世代数/无标题/定义2 10理想 理想的符号也是▶️指向理想 1edd2efa3f4280cbb2a2d6978eb4e340.md,1
chapter2,定义2.11商环,definition,md,近世代数/近世代数/无标题/定义2 11商环 1eed2efa3f4280d08291e336ed049bc4.md,2
chapter2,定义2.13生成理想的定义,definition,md,近世代数/近世代数/无标题/定义2 13生成理想的定义 209d2efa3f4280cfbf73e662a3d86e2f.md,2
chapter2,定义2.14 主理想,definition,md,近世代数/近世代数/无标题/定义2 14 主理想 209d2efa3f428074a610e5ed31f4a5cb.md,1
chapter2,定义2.2交换环,definition,md,近世代数/近世代数/无标题/定义2 2交换环 1d8d2efa3f4280d4b681c6f9125a7bd9.md,1
chapter2,定义2.3 有乘法可逆元素叫做单位除环的性质很好,definition,md,近世代数/近世代数/无标题/定义2 3 有乘法可逆元素叫做单位除环的性质很好 1d8d2efa3f4280ae9d4bc1dfa10ee023.md,1
chapter2,定义2.4除环非零元素都是单位,definition,md,近世代数/近世代数/无标题/定义2 4除环非零元素都是单位 1d8d2efa3f428059bd92f93a477bc7b1.md,1
chapter2,定义2.5域交换的除环——更好的环,definition,md,近世代数/近世代数/无标题/定义2 5域交换的除环——更好的环 1d8d2efa3f4280daabf6fdeddf87f1ff.md,1
chapter2,定义2.6子环 群是子群 幺半群是子幺半群 符号<,definition,md,近世代数/近世代数/无标题/定义2 6子环 群是子群 幺半群是子幺半群 符号 1d8d2efa3f42800a807fc311bee30d05.md,1
chapter2,定义2.7子集A生成环<A>,definition,md,近世代数/近世代数/无标题/定义2 7子集A生成环 A 1d8d2efa3f4280f9b734fb70e49c8370.md,2
chapter2,定义2.8环的直积,definition,md,近世代数/近世代数/无标题/定义2 8环的直积 1d9d2efa3f42800ea898d0b403b41d0d.md,2
chapter2,定义2.9环同态,definition,md,近世代数/近世代数/无标题/定义2 9环同态 1d9d2efa3f428053a89bd4f291079c1e.md,2
chapter2,定理1 理想和正规子群很像 模理想的剩余类还是环而且和原环同态,theorem,md,近世代数/近世代数/无标题/定理1 理想和正规子群很像 模理想的剩余类还是环而且和原环同态 1edd2efa3f428071ac13fae2aef057df.md,2
chapter2,定理1除环只有两个理想0理想和单位理想,theorem,md,近世代数/近世代数/无标题/定理1除环只有两个理想0理想和单位理想 1edd2efa3f4280198c05df2fd987f2b8.md,1
chapter2,定理2 R和自己的商环同态 同态满射核就是理想,theorem,md,近世代数/近世代数/无标题/定理2 R和自己的商环同态 同态满射核就是理想 1edd2efa3f4280868a83cd8270b657a6.md,1
chapter2,定理2 n元置换可以写成循环置换的乘积,theorem,md,近世代数/近世代数/无标题/定理2 n元置换可以写成循环置换的乘积 1bad2efa3f428028af82e07c1d9e66d5.md,1
chapter2,定理2 整环，除环，域特征只能是素数或者无限,theorem,md,近世代数/近世代数/无标题/定理2 整环，除环，域特征只能是素数或者无限 1edd2efa3f42802dbf6fd904ddc8051a.md,1
chapter2,定理2环同态传递零元负元 如果是交换环传递单位元,theorem,md,近世代数/近世代数/无标题/定理2环同态传递零元负元 如果是交换环传递单位元 1edd2efa3f42805cb845f45123227986.md,1
chapter2,定理3 R和R的商环同态满射的性质 传递,theorem,md,近世代数/近世代数/无标题/定理3 R和R的商环同态满射的性质 传递 1edd2efa3f4280a6a5a6cd9145845beb.md,1
chapter2,定理3同构传递整环除环域的性质,theorem,md,近世代数/近世代数/无标题/定理3同构传递整环除环域的性质 1edd2efa3f4280ea855efe8275531d49.md,1
chapter2,引理2 交换环只有零理想和单位理想R是一个域,lemma,md,近世代数/近世代数/无标题/引理2 交换环只有零理想和单位理想R是一个域 202d2efa3f42801f8790d49e461b4508.md,1
chapter2,引理2.2理想是子环当且仅当理想是正规环,lemma,md,近世代数/近世代数/无标题/引理2 2理想是子环当且仅当理想是正规环 1edd2efa3f4280f38dbaeb87e2cd26c6.md,1
chapter2,引理2.3从理想可以从环同态中定义,lemma,md,近世代数/近世代数/无标题/引理2 3从理想可以从环同态中定义 1edd2efa3f4280168bf8f80d6cf1f8fc.md,2
chapter2,引理2.7 引理2.8素理想与素数,lemma,md,近世代数/近世代数/无标题/引理2 7 引理2 8素理想与素数 1d9d2efa3f42800ea8a7e5c78425a40c.md,1
chapter2,循环子群,note,md,近世代数/近世代数/无标题/循环子群 1bdd2efa3f428088afeae785ed4258af.md,1
chapter2,循环置换,note,md,近世代数/近世代数/无标题/循环置换 1bad2efa3f4280109703cec9c3fb3605.md,6
chapter2,循环群,note,md,近世代数/近世代数/无标题/循环群 1bcd2efa3f428005af56c60b88647173.md,2
chapter2,循环群,note,md,近世代数/近世代数/无标题/循环群 1c3d2efa3f42802a8213f9e0014506cb.md,0
chapter2,循环群的同构,note,md,近世代数/近世代数/无标题/循环群的同构 1bcd2efa3f42806c9e26ebba7f88827c.md,5
chapter2,整数环中 素数生成的都是极大理想,note,md,近世代数/近世代数/无标题/整数环中 素数生成的都是极大理想 1efd2efa3f428000b6b0d466f32f8a2f.md,2
chapter2,整环定义,definition,md,近世代数/近世代数/无标题/整环定义 1ecd2efa3f4280109d5bd2a376069406.md,1
chapter2,无标题,note,md,近世代数/近世代数/无标题/无标题 1edd2efa3f428093b94bfaf16f9b40fe.md,0
chapter2,无标题,note,md,近世代数/近世代数/无标题/无标题 1edd2efa3f42809db73ce9e5011f76a6.md,0
chapter2,无标题,note,md,近世代数/近世代数/无标题/无标题 1edd2efa3f4280e7b9eedcae01414587.md,0
chapter2,无标题,note,md,近世代数/近世代数/无标题/无标题 1eed2efa3f428085bd11fd375cdd2524.md,0
chapter2,无标题,note,md,近世代数/近世代数/无标题/无标题 1efd2efa3f42800b8e33d5f514dca155.md,0
chapter2,无标题,note,md,近世代数/近世代数/无标题/无标题 1efd2efa3f42803eabaeca56db77592b.md,0
chapter2,无标题,note,md,近世代数/近世代数/无标题/无标题 1efd2efa3f42805597bcc24547e6283c.md,0
chapter2,无标题,note,md,近世代数/近世代数/无标题/无标题 209d2efa3f4280769b8efec54d64c727.md,0
chapter2,无限阶的群和任意循环群同态,note,md,近世代数/近世代数/无标题/无限阶的群和任意循环群同态 1bdd2efa3f4280a3a71ff10703363a56.md,1
chapter2,极大理想与域,note,md,近世代数/近世代数/无标题/极大理想与域 205d2efa3f4280fab07ae7a25e907d3b.md,2
chapter2,极大理想引理1 对剩余类环充要,lemma,md,近世代数/近世代数/无标题/极大理想引理1 对剩余类环充要 1efd2efa3f4280549cb7d1f5b63a5db3.md,1
chapter2,极大理想的定义,definition,md,近世代数/近世代数/无标题/极大理想的定义 1efd2efa3f4280c6b178ee01ba7ba017.md,2
chapter2,特征的定义 对加法所有非零元素共同的阶,definition,md,近世代数/近世代数/无标题/特征的定义 对加法所有非零元素共同的阶 1edd2efa3f4280ff9276db7f4d563977.md,1
chapter2,环,note,md,近世代数/近世代数/无标题/环 1d9d2efa3f4280f38e94de87f834c519.md,0
chapter2,环中逆元,note,md,近世代数/近世代数/无标题/环中逆元 1ecd2efa3f428081aa09e3990df0dc13.md,1
chapter2,环定义2.1,definition,md,近世代数/近世代数/无标题/环定义2 1 1d8d2efa3f4280caad84e366546b232a.md,1
chapter2,环的定义,definition,md,近世代数/近世代数/无标题/环的定义 1ecd2efa3f42801e8a2dfcc3ca0e824e.md,1
chapter2,理想与正规子群,note,md,近世代数/近世代数/无标题/理想与正规子群 1edd2efa3f42800dad4cc01d4143bb5c.md,3
chapter2,理想前言,note,md,近世代数/近世代数/无标题/理想前言 1d9d2efa3f42801280b8cc5259b6c349.md,2
chapter2,理想子环定义,definition,md,近世代数/近世代数/无标题/理想子环定义 1edd2efa3f4280889eb4daa974cd0880.md,3
chapter2,理想并一下还是理想,note,md,近世代数/近世代数/无标题/理想并一下还是理想 209d2efa3f42808eac5df717a464eb32.md,1
chapter2,生成理想符号（a1，a2）,note,md,近世代数/近世代数/无标题/生成理想符号（a1，a2） 1edd2efa3f4280ed86cbd75462c70e23.md,2
chapter2,目标,note,md,近世代数/近世代数/无标题/目标 1edd2efa3f4280719ba4ca9df0dbc4b5.md,0
chapter2,证明,proof,md,近世代数/近世代数/无标题/证明 1edd2efa3f428054a04be17abb7ec9aa.md,1
chapter2,证明,proof,md,近世代数/近世代数/无标题/证明 1edd2efa3f428098a226ca9720be1aba.md,1
chapter2,证明,proof,md,近世代数/近世代数/无标题/证明 1eed2efa3f42807fbefeddb9976e5a4c.md,3
chapter2,证明,proof,md,近世代数/近世代数/无标题/证明 1efd2efa3f4280b59d4de3019bfebf87.md,1
chapter2,证明,proof,md,近世代数/近世代数/无标题/证明 202d2efa3f4280ba8435d49791bf53ee.md,1
chapter2,证明循环群相等,proof,md,近世代数/近世代数/无标题/证明循环群相等 1bdd2efa3f42807cbf33cc12a1e46539.md,1
chapter2,除环,note,md,近世代数/近世代数/无标题/除环 1edd2efa3f428092b9f2f5fd34528e4a.md,1
chapter2,非循环群Klein,note,md,近世代数/近世代数/无标题/非循环群Klein 1cad2efa3f4280da96c7c92e94edac04.md,1
chapter3,10商域 93 没讲,note,md,近世代数/近世代数/无标题/10商域 93 没讲 1efd2efa3f42806fa86bd0829ae38236.md,0
chapter3,2.6主理想整环与唯一分解整环,note,md,近世代数/近世代数/无标题/2 6主理想整环与唯一分解整环 203d2efa3f428041b53bd867ddf75445.md,0
chapter3,2唯一分解环,note,md,近世代数/近世代数/无标题/2唯一分解环 203d2efa3f4280089d71ff9f29c7b591.md,0
chapter3,一元多项式环基础知识,note,md,近世代数/近世代数/无标题/一元多项式环基础知识 203d2efa3f428029afb6ff28415761e3.md,1
chapter3,主理想环的定义,definition,md,近世代数/近世代数/无标题/主理想环的定义 203d2efa3f4280faba6bc969f8b2e4ab.md,1
chapter3,例子,example,md,近世代数/近世代数/无标题/例子 1ecd2efa3f428040b4fbdcc0b2d26f2a.md,2
chapter3,公因子,note,md,近世代数/近世代数/无标题/公因子 203d2efa3f4280159f79d1c647f84818.md,1
chapter3,单位 相伴元定义,definition,md,近世代数/近世代数/无标题/单位 相伴元定义 202d2efa3f428009a4aec4766781b31c.md,3
chapter3,命题1.2.6 带余除法和阶n的结合,proposition,md,近世代数/近世代数/无标题/命题1 2 6 带余除法和阶n的结合 1d2d2efa3f4280f4aba7f41bf31cebda.md,1
chapter3,唯一分解环的定义,definition,md,近世代数/近世代数/无标题/唯一分解环的定义 203d2efa3f42809a9667cc6b83ca7782.md,1
chapter3,商域的定义,definition,md,近世代数/近世代数/无标题/商域的定义 202d2efa3f428055be52faf5725c7e52.md,1
chapter3,因子定义,definition,md,近世代数/近世代数/无标题/因子定义 202d2efa3f42801594bee964a46cafcd.md,1
chapter3,定义 不可约元,definition,md,近世代数/近世代数/无标题/定义 不可约元 202d2efa3f428089be02ea14d2704267.md,1
chapter3,定义2.18整环没有零因子是交换环,definition,md,近世代数/近世代数/无标题/定义2 18整环没有零因子是交换环 1d8d2efa3f428099bbfed4ab53ac0f69.md,1
chapter3,定义2.25主理想整环,definition,md,近世代数/近世代数/无标题/定义2 25主理想整环 203d2efa3f4280079f4dc6da3c39ca7c.md,1
chapter3,定义唯一分解,definition,md,近世代数/近世代数/无标题/定义唯一分解 202d2efa3f42804fbb82c9b5883516db.md,1
chapter3,定义平凡因子与真因子,definition,md,近世代数/近世代数/无标题/定义平凡因子与真因子 202d2efa3f42803fa3b6ff5c998de7b7.md,1
chapter3,定理 主理想环I是一个唯一分解环,theorem,md,近世代数/近世代数/无标题/定理 主理想环I是一个唯一分解环 203d2efa3f4280f1bf1ac75fef055fb8.md,0
chapter3,定理1 I是唯一分解环I[x]也是,theorem,md,近世代数/近世代数/无标题/定理1 I是唯一分解环I[x]也是 203d2efa3f42800fa68fd8427dfa8780.md,0
chapter3,定理1 单位乘单位还是单位 单位的逆还是单位,theorem,md,近世代数/近世代数/无标题/定理1 单位乘单位还是单位 单位的逆还是单位 202d2efa3f4280028d54e2faca1b169d.md,1
chapter3,定理1唯一分解环性质,theorem,md,近世代数/近世代数/无标题/定理1唯一分解环性质 203d2efa3f4280a88b26de5685fbb8de.md,1
chapter3,定理1无零因子环所有不为0的元对加法阶都是一样的,theorem,md,近世代数/近世代数/无标题/定理1无零因子环所有不为0的元对加法阶都是一样的 1edd2efa3f428098a9d1d9282007041a.md,1
chapter3,定理1欧式环是一个主理想环，是一个唯一分解环,theorem,md,近世代数/近世代数/无标题/定理1欧式环是一个主理想环，是一个唯一分解环 203d2efa3f42809a9537c3fbfb56d4bf.md,1
chapter3,定理1没有零因子的交换环R都是一个域Q的子环,theorem,md,近世代数/近世代数/无标题/定理1没有零因子的交换环R都是一个域Q的子环 202d2efa3f42805194d3ee0dc328bf0c.md,1
chapter3,定理2 I是唯一分解环还有什么是,theorem,md,近世代数/近世代数/无标题/定理2 I是唯一分解环还有什么是 203d2efa3f42804f8335ecd40e8ebe42.md,1
chapter3,定理2 Q刚好由所有元组成,theorem,md,近世代数/近世代数/无标题/定理2 Q刚好由所有元组成 202d2efa3f4280869570fa2d2dd1274f.md,1
chapter3,定理2 整环需要什么变成唯一分解环,theorem,md,近世代数/近世代数/无标题/定理2 整环需要什么变成唯一分解环 203d2efa3f42804598d3f020bf976baf.md,1
chapter3,定理2单位乘不可约元还是不可约元,theorem,md,近世代数/近世代数/无标题/定理2单位乘不可约元还是不可约元 202d2efa3f4280c8893ee029f5f5168d.md,1
chapter3,定理2整数环是一个主理想环,theorem,md,近世代数/近世代数/无标题/定理2整数环是一个主理想环 203d2efa3f4280cba00fc015db3e2793.md,1
chapter3,定理3 R两个元以上的环 F是包含R的域 F包含R的一个商域,theorem,md,近世代数/近世代数/无标题/定理3 R两个元以上的环 F是包含R的域 F包含R的一个商域 202d2efa3f42802b8611de75dafa7267.md,1
chapter3,定理3 整环不等元零的元有真因子,theorem,md,近世代数/近世代数/无标题/定理3 整环不等元零的元有真因子 202d2efa3f4280529816da6994b32844.md,1
chapter3,定理3 最大公因子与单位因子,theorem,md,近世代数/近世代数/无标题/定理3 最大公因子与单位因子 203d2efa3f428022b1aefef6d6ccbfc7.md,1
chapter3,定理3一元多项式环都是欧式环,theorem,md,近世代数/近世代数/无标题/定理3一元多项式环都是欧式环 203d2efa3f428054b7ece00218586ac4.md,1
chapter3,定理3有限群的阶都是父群因子的阶,theorem,md,近世代数/近世代数/无标题/定理3有限群的阶都是父群因子的阶 1c3d2efa3f4280c2992cc6ef4f5024c8.md,1
chapter3,定理4同构的环商域也同构,theorem,md,近世代数/近世代数/无标题/定理4同构的环商域也同构 202d2efa3f42805ea297fb352be96a6e.md,1
chapter3,左零因子,note,md,近世代数/近世代数/无标题/左零因子 1ecd2efa3f428041bb3bcc3b3ca95daa.md,1
chapter3,引理1 有限序列判定,lemma,md,近世代数/近世代数/无标题/引理1 有限序列判定 203d2efa3f4280bea27cd23fb527b89e.md,1
chapter3,引理1 本原多项式只能游本源多项式相乘得到,lemma,md,近世代数/近世代数/无标题/引理1 本原多项式只能游本源多项式相乘得到 203d2efa3f42804a99cef3d1a3008763.md,1
chapter3,引理2 主理想环的一个不可约元生成一个极大理想,lemma,md,近世代数/近世代数/无标题/引理2 主理想环的一个不可约元生成一个极大理想 203d2efa3f42806c99eac511dd8df111.md,0
chapter3,引理2 给不等于0的多项式改形式,lemma,md,近世代数/近世代数/无标题/引理2 给不等于0的多项式改形式 203d2efa3f42801981f3fb6c052e7210.md,1
chapter3,引理3 I[x]可约充要条件就是Q[x]可约,lemma,md,近世代数/近世代数/无标题/引理3 I[x]可约充要条件就是Q[x]可约 203d2efa3f428041b03adc66ef2f8383.md,1
chapter3,引理4次数大于0的本原多项式有唯一分解,lemma,md,近世代数/近世代数/无标题/引理4次数大于0的本原多项式有唯一分解 203d2efa3f42803984b2de025e50e146.md,1
chapter3,引理多项式环都是主理想环,lemma,md,近世代数/近世代数/无标题/引理多项式环都是主理想环 203d2efa3f4280e387c9e6c5e5952fd6.md,1
chapter3,推论,note,md,近世代数/近世代数/无标题/推论 1ecd2efa3f4280a6bd0ac80610cbea45.md,2
chapter3,推论 互素的定义,definition,md,近世代数/近世代数/无标题/推论 互素的定义 203d2efa3f4280c8a6bbeab8b7b50fd4.md,1
chapter3,无标题,note,md,近世代数/近世代数/无标题/无标题 204d2efa3f4280a9a1a2fad9e464a923.md,0
chapter3,无零因子作用,note,md,近世代数/近世代数/无标题/无零因子作用 20ad2efa3f428015bfb2db4f02684706.md,0
chapter3,本原多项式定义,definition,md,近世代数/近世代数/无标题/本原多项式定义 203d2efa3f4280808b6be7296615d881.md,1
chapter3,欧式环定义,definition,md,近世代数/近世代数/无标题/欧式环定义 203d2efa3f4280ea8dd9fc99cd6ba87e.md,1
chapter3,环域主理想之间的关系,note,md,近世代数/近世代数/无标题/环域主理想之间的关系 204d2efa3f4280a9a86fd593f2874f38.md,1
chapter3,第四章整环里面的因子分解,note,md,近世代数/近世代数/无标题/第四章整环里面的因子分解 202d2efa3f42807695c7cb07209ac86f.md,0
chapter3,证明,proof,md,近世代数/近世代数/无标题/证明 1edd2efa3f42808b9ca2d57ff1844f03.md,1
chapter3,零因子,note,md,近世代数/近世代数/无标题/零因子 1ecd2efa3f42800fb79fed095ff2429e.md,1
chapter3,零因子与消去律互相证明,proof,md,近世代数/近世代数/无标题/零因子与消去律互相证明 1ecd2efa3f42809fa11dc863d390a502.md,0
chapter3,零因子作用,note,md,近世代数/近世代数/无标题/零因子作用 20ed2efa3f428023a13dc8880e5e0a69.md,1
homework,1,homework,md,近世代数/近世代数/无标题/1 206d2efa3f42800a84cefbb4eef7fd0b.md,5
homework,1欧式环,homework,md,近世代数/近世代数/无标题/1欧式环 204d2efa3f42806fb730dc64fc6e2b23.md,1
homework,2,homework,md,近世代数/近世代数/无标题/2 20ad2efa3f4280f18cc9e1642c615bfd.md,1
homework,2正规子群,homework,md,近世代数/近世代数/无标题/2正规子群 20bd2efa3f4280879ad4e4e896b6e022.md,1
homework,3.2整环,homework,md,近世代数/近世代数/无标题/3 2整环 209d2efa3f4280cda320c843bba252f6.md,0
homework,3.3,homework,md,近世代数/近世代数/无标题/3 3 209d2efa3f428020b15ef2f886bfb11e.md,2
homework,3.4,homework,md,近世代数/近世代数/无标题/3 4 209d2efa3f4280eca043fa61064594c9.md,0
homework,3.5作业,homework,md,近世代数/近世代数/无标题/3 5作业 209d2efa3f4280eb969cc9dce9865299.md,2
homework,3.8作业,homework,md,近世代数/近世代数/无标题/3 8作业 206d2efa3f42807aaea0cdba1c8e0355.md,0
homework,3.9作业,homework,md,近世代数/近世代数/无标题/3 9作业 205d2efa3f428077b8a0d0acdba61717.md,0
homework,3，4,homework,md,近世代数/近世代数/无标题/3，4 20bd2efa3f4280daa104ec7e9deedc65.md,4
homework,4,homework,md,近世代数/近世代数/无标题/4 20bd2efa3f4280efba7cd41e90a2076b.md,2
homework,循环群,homework,md,近世代数/近世代数/无标题/循环群 20bd2efa3f4280d99b3eea67ac6b65ad.md,6
homework,循环群的商群还是循环群,homework,md,近世代数/近世代数/无标题/循环群的商群还是循环群 20bd2efa3f4280278080f5000566e0e2.md,2
homework,循环群的子群还是循环群,homework,md,近世代数/近世代数/无标题/循环群的子群还是循环群 20bd2efa3f42808aba03cfbc6170a459.md,1
homework,找子群再看明天早上,homework,md,近世代数/近世代数/无标题/找子群再看明天早上 20bd2efa3f4280e39200d13ff510ae80.md,1
homework,无标题,homework,md,近世代数/近世代数/无标题/无标题 20bd2efa3f42803bb142e695e45bf369.md,0
homework,第一题,homework,md,近世代数/近世代数/无标题/第一题 205d2efa3f4280d38576e58476d8c41d.md,5
homework,第一题,homework,md,近世代数/近世代数/无标题/第一题 209d2efa3f4280518e01dd4451714875.md,2
homework,第三周作业,homework,md,近世代数/近世代数/无标题/第三周作业 20bd2efa3f428003b74ac10b654adc8a.md,2
homework,第三章作业,homework,md,近世代数/近世代数/无标题/第三章作业 205d2efa3f428004b442cf8cf50564e6.md,0
homework,第三题,homework,md,近世代数/近世代数/无标题/第三题 205d2efa3f4280c295f6ed5b008ce795.md,2
homework,第三题,homework,md,近世代数/近世代数/无标题/第三题 209d2efa3f4280918485e1eeb5bf0217.md,3
homework,第三题,homework,md,近世代数/近世代数/无标题/第三题- 204d2efa3f4280c58963d88dd6ba9b10.md,3
homework,第三题再看,homework,md,近世代数/近世代数/无标题/第三题再看 205d2efa3f42808f87efe6f9cc3fa0d4.md,3
homework,第二章作业,homework,md,近世代数/近世代数/无标题/第二章作业 20bd2efa3f42805f9ecef7b781a02d72.md,0
homework,第二题,homework,md,近世代数/近世代数/无标题/第二题 205d2efa3f4280d18289e2c61ebcba54.md,1
homework,第二题,homework,md,近世代数/近世代数/无标题/第二题 20bd2efa3f42801e9db4fc42af376384.md,2
homework,第二题,homework,md,近世代数/近世代数/无标题/第二题 20bd2efa3f42809d8011e3ecfeda2cd1.md,1
homework,第五周作业,homework,md,近世代数/近世代数/无标题/第五周作业 20bd2efa3f428007923bd76a797a9ede.md,0
homework,第五题找子群,homework,md,近世代数/近世代数/无标题/第五题找子群 20bd2efa3f4280cb98b6e5c0d60168df.md,1
homework,第六周子群,homework,md,近世代数/近世代数/无标题/第六周子群 20bd2efa3f4280cbaebef863c27b4e24.md,0
homework,第四周作业,homework,md,近世代数/近世代数/无标题/第四周作业 20bd2efa3f4280a583d6e86ac317e9a1.md,0
homework,第四章作业,homework,md,近世代数/近世代数/无标题/第四章作业 204d2efa3f4280b4b282f638dd2dce07.md,0
homework,置换群,homework,md,近世代数/近世代数/无标题/置换群 20bd2efa3f42808c9256d550e77037b7.md,4
homework,阶是素数的群一定是循环,homework,md,近世代数/近世代数/无标题/阶是素数的群一定是循环 20bd2efa3f428094bf7cca8d7e7f854f.md,1
homework,陪集有正规子群自身,homework,md,近世代数/近世代数/无标题/陪集有正规子群自身 20bd2efa3f4280d5b2a5fb73f02da9c0.md,1
